<dataDictionary xmlns="http://www.iringtools.org/library" xmlns:i="http://www.w3.org/2001/XMLSchema-instance">
	<dataObjects>
		<dataObject>
			<tableName>SPOOL_PROXY_VIEW</tableName>
			<objectName>Spools</objectName>
			<keyDelimeter>_</keyDelimeter>
			<keyProperties>
				<keyProperty>
					<keyPropertyName>Spool</keyPropertyName> <!-- this defines which label is key-->
				</keyProperty>
			</keyProperties>
			<dataProperties>
				<dataProperty>
					<columnName>TAGNO</columnName> <!-- Table Column-->
					<propertyName>Spool</propertyName> <!-- SPR Label-->
					<dataType>String</dataType>
					<dataLength>30</dataLength>
					<isNullable>false</isNullable>
					<keyType>assigned</keyType>
				</dataProperty>
				<dataProperty>
					<columnName>CONSTRUCTION_STATUS</columnName>
					<propertyName>ConstrutionStatus</propertyName>
					<dataType>String</dataType>
					<dataLength>1</dataLength>
					<isNullable>true</isNullable>
					<keyType>unassigned</keyType>
				</dataProperty>
				<dataProperty>
					<columnName>WORK_PKG</columnName>
					<propertyName>WorkPackage</propertyName>
					<dataType>String</dataType>
					<dataLength>25</dataLength>
					<isNullable>true</isNullable>
					<keyType>unassigned</keyType>
				</dataProperty>
			</dataProperties>
			<dataRelationships/>
		</dataObject>
	</dataObjects>
	<picklists i:nil="true"/>
	<enableSearch>false</enableSearch>
	<enableSummary>true</enableSummary>
	<dataVersion i:nil="true"/>
</dataDictionary>