<databaseDictionary xmlns="http://www.iringtools.org/library" xmlns:i="http://www.w3.org/2001/XMLSchema-instance">
	<dataObjects>
		<dataObject>
			<tableName>SPOOL_PROXY_VIEW</tableName>
			<objectName>Spools</objectName>
			<keyDelimeter>_</keyDelimeter>
			<keyProperties>
				<keyProperty>
					<keyPropertyName>Spool</keyPropertyName>
				</keyProperty>
			</keyProperties>
			<dataProperties>
				<dataProperty>
					<columnName>TAGNO</columnName>
					<propertyName>Spool</propertyName>
					<dataType>String</dataType>
					<dataLength>30</dataLength>
					<isNullable>false</isNullable>
					<keyType>assigned</keyType>
				</dataProperty>
				<dataProperty>
					<columnName>CONSTRUCTION_STATUS</columnName>
					<propertyName>ConstrutionStatus</propertyName>
					<dataType>String</dataType>
					<dataLength>1</dataLength>
					<isNullable>true</isNullable>
					<keyType>unassigned</keyType>
				</dataProperty>
				<dataProperty>
					<columnName>WORK_PKG</columnName>
					<propertyName>WorkPackage</propertyName>
					<dataType>String</dataType>
					<dataLength>25</dataLength>
					<isNullable>true</isNullable>
					<keyType>unassigned</keyType>
				</dataProperty>
			</dataProperties>
			<dataRelationships/>
		</dataObject>
	</dataObjects>
	<picklists/>
	<enableSearch>false</enableSearch>
	<enableSummary>false</enableSummary>
	<dataVersion i:nil="true"/>
	<provider>MDB</provider>
	<connectionString>LZu2yTmh9cC1ZlAfqPl2Geka73U5lc8uZHREg1KHW9vQXB3FS9JLZIFKd88M0ilGXhPgsK2W/VcgmT8VYZCvpy6VD5OJ1XfpFlAUiJ7w9lQ=</connectionString>
	<schemaName>dbo</schemaName>
</databaseDictionary>